"","solID","mape","decomp.rssd","nrmse","nrmse_test","nrmse_train","mdsp_dm","mdsp_inst","mdsp_nsp","mdsp_auddig","mdsp_audtr","mdsp_vidtr","mdsp_viddig","mdsp_so","mdsp_on","mdsp_sem","cluster","top_sol"
"1","1_232_6",0,0.23364417669892,0.653255115617902,1.55037281614646,0.11312570537752,0.487298142988389,0.144761020934986,0.403898412700467,0.378547347440216,0.566294257222792,0.406876390083472,0.458348537611063,0.638406991538024,0.371034542814525,0.329687744250896,1,FALSE
"2","1_234_3",0,0.218242397408994,0.660641079188729,1.49647657399643,0.116800229655494,0.665432519606107,0.230774290785829,0.870016306679643,0.357587320619065,0.604838892515803,0.377565699623051,0.353041507147662,0.580461923104725,0.48716230960506,0.571266766485219,2,FALSE
"3","1_237_5",0,0.158819196596001,0.830421819896562,1.61717583397424,0.140827090957255,0.706600018080198,0.0807350096078555,0.266821225910489,0.409214842409942,0.523265729290256,0.204084135064819,0.360411223969464,0.378573235976656,0.307923585585473,0.285953798080231,1,FALSE
"4","1_259_1",0,0.180524260175823,0.694928114720092,1.54215700231702,0.119138094235952,0.835622510662643,0.157522003497374,0.541017012989712,0.500181050943516,0.656509100529149,0.365797250369147,0.445512250809363,0.529931595669574,0.470221061360351,0.540522461132452,1,FALSE
"5","1_259_7",0,0.213324837814678,0.664410256289191,1.46067057542369,0.115355407067992,0.810536109290789,0.310711493070815,0.739257219482783,0.53995046124517,0.568117829481259,0.467369075598066,0.273244572649949,0.6270605302783,0.472921368468888,0.601632166844164,2,FALSE
"6","1_263_4",0,0.164841141003602,0.709299884933334,1.51210605245335,0.122300642040261,0.932930374133237,0.158270521674607,0.630173308606229,0.500510969737147,0.56380575570222,0.357654519936749,0.32895148666429,0.545605405642765,0.462132849850437,0.448847057154734,1,FALSE
"7","1_265_4",0,0.220582838182206,0.654911938277402,1.49059755375751,0.112537233208607,0.625472708170385,0.184202394926939,0.824177366543986,0.367651644853634,0.501082261395132,0.404672851560045,0.44078978938406,0.559205713913198,0.461804709060954,0.631051692249866,2,FALSE
"8","1_269_6",0,0.220833592435163,0.655613343986257,1.48827505516333,0.112523479974668,0.624034833274823,0.184183559303305,0.822724533384201,0.368616518090716,0.50181216152203,0.404939642140113,0.439815102235881,0.563989825227586,0.462315796816431,0.631681700078871,2,FALSE
"9","1_270_6",0,0.201655245578474,0.663798869606702,1.525917966263,0.115514118168482,0.748016529035149,0.171796085029007,0.711133630984162,0.46869492058455,0.652759235838429,0.46430340559235,0.33503395598641,0.575430602673711,0.459538078258731,0.601288430843983,2,FALSE
"10","1_272_1",0,0.164141381622617,0.709059353894791,1.51230847526061,0.122348475145961,0.933678159244038,0.158445696982503,0.6297775142744,0.502955573344568,0.56481780613827,0.358616469469734,0.330492843597239,0.546123501853789,0.436021658624343,0.449587515825766,1,FALSE
"11","1_272_7",0,0.253860825894274,0.646481318477965,1.46214206622401,0.11095915211134,0.46535556781744,0.269077186062009,0.893914408107182,0.274982280910616,0.49792845141074,0.383945728706529,0.421954316072075,0.57510260834866,0.427335403110159,0.556899727759593,2,FALSE
"12","1_275_1",0,0.193359079629056,0.672680263725519,1.55109237087994,0.117985005316871,0.775346502723253,0.161124019654149,0.667768248810582,0.48603474035938,0.695912888926498,0.402945723984725,0.359648872552406,0.584455006484327,0.479362925780237,0.562742639611246,2,FALSE
"13","1_276_4",0,0.223894868120329,0.651884487074881,1.50589234966905,0.11143650243355,0.596259609591342,0.257003590034057,0.498475745672246,0.279677114416113,0.480589170776594,0.351353902660633,0.528242513987286,0.544877853553653,0.33642689405977,0.530467616436346,1,FALSE
"14","1_277_7",0,0.179135715229639,0.693527551647348,1.56171024028517,0.121655391494364,1,0.0731194428454381,0.627731974589364,0.570301698538296,0.84056049721051,0.468157870239512,0.51397528305129,0.625927770411668,0.433164900481036,0.772790506312404,2,FALSE
"15","1_282_7",0,0.177357522170379,0.691148150669962,1.55249463206732,0.120543861875732,0.925804801313276,0.108992097784179,0.669405509902451,0.557009344051942,0.73062625745855,0.452383499405164,0.484078439207894,0.62460583380849,0.449998576993564,0.62206912118009,2,FALSE
"16","1_285_6",0,0.253332673193448,0.646278511228203,1.46196097728186,0.110969034099174,0.469234648166349,0.2693805905171,0.894644617161497,0.275255042302914,0.500093974439325,0.384479724631887,0.423180262320474,0.577197835547375,0.427470803121882,0.556448175746679,2,FALSE
"17","1_286_7",0,0.226975320591238,0.653970152708494,1.48309441331175,0.112587448788332,0.586673316863698,0.184672463321102,0.824256598879488,0.344550151588219,0.455554081308137,0.406205280548472,0.447612306378245,0.56793816342943,0.467674456870438,0.640186005771255,2,FALSE
"18","2_201_3",0,0.277872492398174,0.641219224297024,1.3494599371079,0.109713167922754,0.509558740960027,0.450004200612588,0.653287185005513,0.644167666626432,0.563355412003554,0.479239565030166,0.290391752841624,0.72613218541058,0.556801191247493,0.628267088649161,5,FALSE
"19","2_201_4",0,0.39131814948137,0.630459174556687,1.34883653076987,0.108127184609655,0.355034049209466,0.872661554401851,0.621064517041504,0.462290475768696,0.163645254526262,0.704065442081702,0.22713376719816,1,0.660002064856444,0.428562605032124,5,FALSE
"20","2_209_4",0,0.348505896126175,0.631578274843612,1.34826277406566,0.10773866007879,0.315286149133742,0.632468413093512,0.508496586039337,0.302341992258653,0.0638992732930658,0.683700960297934,0.347356152388818,0.87632479028207,0.6597151282718,0.535050956531495,5,FALSE
"21","2_211_5",0,0.362885754199035,0.628934625994411,1.3332108878252,0.106189566986331,0.238804084823619,0.608806169157643,0.675215932324485,0.517854294228772,0.0375425696320271,0.82388614193879,0.320903429127134,0.685419797199928,0.539398319549785,0.484244147317056,5,FALSE
"22","2_213_6",0,0.341073029992319,0.63172885048367,1.34488813947412,0.107677967798689,0.327054514868985,0.631574323784004,0.523688753243025,0.302776715071708,0.0260983501661527,0.682698299071993,0.429990557347666,0.768965216023922,0.76957278539569,0.623478455735051,5,FALSE
"23","2_222_3",0,0.397201441574778,0.628444022086351,1.33839889705589,0.108138937657919,0.268024195838429,1,0.728180628337772,0.361786876896168,0.0633157893143845,0.712247412018076,0.407155869554855,0.692737837906349,1,0.631155125762974,5,FALSE
"24","2_222_6",0,0.277794293954257,0.640982009637788,1.35013888653297,0.109719395954229,0.510130182076972,0.450057670958199,0.653891203552272,0.643954651977842,0.563808410157529,0.478831885620131,0.291018671737578,0.724816323094318,0.556490476105736,0.628034635659628,5,TRUE
"25","2_228_1",0,0.290652200376859,0.637887753657643,1.37816426397131,0.109599711351857,0.498902167461327,0.410072889857952,0.368517316260702,0.396401165317346,0.394636022941176,0.751025841417376,0.351900969995655,0.881433942262861,0.775171921139201,0.562392054694513,5,FALSE
"26","2_230_5",0,0.35931964962926,0.628951633231941,1.31699852211067,0.106988532631241,0.160217555115513,0.668522667401013,0.928230680695236,0.415167132282973,0.169142712699394,0.507843685436271,0.253335540843139,0.563596785098548,0.695947673093098,0.662819455024352,5,FALSE
"27","2_234_7",0,0.326194906135834,0.632976695239943,1.32886030375091,0.108317712057229,0.248801433814573,0.49024390576522,0.912128662482785,0.911944207210161,0.32067848925577,0.620782488497453,0.345142947135892,0.521355718051543,0.371953201466005,0.798078181228863,5,FALSE
"28","2_235_6",0,0.341225146309649,0.629026268324509,1.33867725384385,0.107406152272141,0.260605786564975,0.588823688017337,0.730591539708941,0.599499868033465,0.164431972936898,0.710920718433356,0.178628861361327,0.76833654429603,0.639294289476948,0.597629716577827,5,FALSE
"29","2_236_5",0,0.324862311498457,0.630467623125836,1.34818317286954,0.109489863346857,0.305366878755801,0.56724827778388,0.691699291567454,0.357654936745555,0.404606780503962,0.497345301671327,0.319802474384205,0.542665083759171,0.697963476756332,0.599678986637818,5,FALSE
"30","2_240_7",0,0.321075114448673,0.633643964347263,1.35184846879881,0.109383882723972,0.301423709108273,0.542981162904677,0.610437876106432,0.338299787717624,0.387269597925798,0.496609707376429,0.569782612769433,0.483050698909126,0.49765287176114,0.787447970093536,5,FALSE
"31","2_243_4",0,0.309176567552439,0.634317147947675,1.32871655903738,0.110353515945293,0.310076133535308,0.443888251338747,0.942777331543602,0.583796765220641,0.522454150658711,0.5172678098633,0.326493228480692,0.704228802994648,0.506773020951426,0.540471906648819,5,FALSE
"32","2_243_5",0,0.312407925744771,0.630247745529934,1.3338563974181,0.109047241360679,0.446603282196695,0.598427283260469,0.825585857295613,0.601045010301911,0.543150055590396,0.471958687018924,0.30587014705952,0.599830147517009,0.317535151411106,0.654528986480459,5,FALSE
"33","2_246_4",0,0.270013757064936,0.643715368307011,1.50495922698694,0.11036278460366,0.492003521380075,0.360440796779494,0.381924803083768,0.290336602931767,0.267694107736638,0.428751338677829,0.533919934881694,0.411425243910019,0.398331906136614,0.685197558412395,1,FALSE
"34","2_247_7",0,0.310824044645808,0.631495177225038,1.35079098054574,0.108999529672667,0.457082550772588,0.586057656393384,0.591524887090225,0.580080483131538,0.539215577400318,0.473384252772029,0.308762058222143,0.592404852097494,0.317597287095684,0.655325224633064,5,FALSE
"35","2_252_2",0,0.318288842259631,0.630001484378074,1.33178630594044,0.109009576736366,0.435650013789886,0.599296814619842,0.83318299033972,1,0.552304078986824,0.47198437545691,0.30290490139196,0.592761662429531,0.317212321877797,0.654910429980916,5,FALSE
"36","2_252_6",0,0.258180682449919,0.640691680777883,1.48292879023712,0.111728607436624,0.585343166512147,0.426623664827592,0.669503940622278,0.328419669295961,0.68977179673613,0.362904692562289,0.321522715389195,0.592225600519434,0.583130950292894,0.618769369627414,2,FALSE
"37","2_255_4",0,0.292384581889763,0.634705799660946,1.3306880704521,0.110938137357074,0.562936788835782,0.596080055171357,0.941388740802114,0.573480568779553,0.862689447727907,0.443108626655388,0.233853473483464,0.682587091827679,0.386969871357516,0.73127320525965,2,FALSE
"38","2_257_3",0,0.21901682305505,0.662812884378758,1.5640020639292,0.114189204943615,0.764866007278234,0.229775571093903,0.197453266831316,0.42018335973584,0.95342473072478,0.380028514324429,0.240534373050767,0.671908478727606,0.691369308762062,0.671435797478748,1,FALSE
"39","2_257_5",0,0.342941618947914,0.630229948783733,1.34962696497638,0.106455242852104,0.278422900389026,0.64715472882746,0.550481994751467,0.297694893032085,0.198006225906472,0.633835252089116,0.454056525069059,0.497622860166713,0.544083029438488,0.832356096373774,5,FALSE
"40","2_265_2",0,0.293486812115105,0.637371017444304,1.35780828304406,0.108470320152497,0.449367088198077,0.48372615709887,0.525934095637576,0.294279468756679,0.423541958457409,0.497513464259871,0.357390615816258,0.61162739834448,0.329119890412777,0.667285364060884,5,FALSE
"41","2_269_4",0,0.294286901740583,0.638303703551654,1.33493266249829,0.108471931396019,0.43338461949678,0.488314522161163,0.749897464672187,0.292696598011215,0.400627748249584,0.501079829668243,0.352653126998821,0.59253147056035,0.404192004631051,0.600597212712358,5,FALSE
"42","2_270_1",0,0.30026787371637,0.633946580808947,1.3414795668615,0.107544551521216,0.358907243369075,0.42654247806094,0.754346838651875,0.468105366793664,0.474222319345668,0.67365658679747,0.253709038823694,0.660140627016777,0.346389738903305,0.698142568964121,5,FALSE
"43","2_270_4",0,0.345798489845358,0.629701231633615,1.34579352784959,0.106475310966746,0.251951594057518,0.653596957711088,0.54994422664242,0.489665255913188,0.223858057527049,0.648955335656693,0.461563431310031,0.586659297353287,0.549997391857831,0.821040296236359,5,FALSE
"44","2_273_6",0,0.323384091115013,0.634423720062906,1.35606908834076,0.108851297386458,0.368273266846767,0.592922663571855,0.598588742578672,0.312933951040077,0.416707688649261,0.50629471453795,0.342802673918293,0.620375832935848,0.338581629098898,0.665035404204064,5,FALSE
"45","2_279_7",0,0.237667213100072,0.649855791074226,1.37040124681642,0.10876115650903,0.629837857662862,0.333739183079309,0.369500828990054,0.393266347890139,0.551201752687935,0.361656142676138,0.327846075246115,0.789585180897217,0.455759498795784,0.552490979777255,1,FALSE
"46","2_282_7",0,0.30012184579937,0.634375321955197,1.34433996673542,0.107518826802651,0.367252847967097,0.426173195464293,0.757674125985841,0.4628856577673,0.475840676046133,0.674790784372538,0.152515280593269,0.743005696206904,0.352326698381806,0.823804776311315,5,FALSE
"47","3_225_3",0,0.19196515556175,0.672449719706569,1.53675077209341,0.118445406561078,0.841614358656357,0.18762700708468,0.648183632985084,0.459244243103776,0.677415154331486,0.391942208753584,0.756504171979639,0.518197977947607,0.390363627466024,0.558874999441082,2,FALSE
"48","3_240_1",0,0.272252945763262,0.641892595216767,1.46899528267847,0.109780471198807,0.475937491682113,0.217876199923767,0.729984316536378,0.332706468675055,0.433334904323618,0.622902075250926,0.583055714366585,0.355133862109669,0.517249896082968,0.929398628010245,2,FALSE
"49","3_241_4",0,0.245114347647291,0.652046013554041,1.49714331540648,0.112415544325095,0.585099904469931,0.278473980179311,0.655040211571412,0.359832283514432,0.834885435388743,0.486874329030379,0.678706786296381,0.487688107028639,0.429844678434193,0.735607480507104,2,FALSE
"50","3_244_3",0,0.271598789246283,0.641389060658917,1.47045536178821,0.109794881408449,0.479884942370441,0.217957796863978,0.731102034765087,0.331212184189349,0.436023215079338,0.62182448960203,0.58305393160204,0.350038210225023,0.51684834990633,0.92881235652729,2,FALSE
"51","3_245_2",0,0.2365798413215,0.652819892237124,1.47883420736608,0.113466706689693,0.649110661873971,0.262794698312186,0.882778923662453,0.42310389491725,0.499796778518051,0.414787421689751,0.85166877786519,0.48610407612544,0.494061740418169,0.738054750863011,2,FALSE
"52","3_245_6",0,0.253601795131266,0.649656384507405,1.51057453193337,0.112688037323609,0.623489437367405,0.360281548820188,0.472671268547149,0.386648101074058,0.8668514901664,0.494939237751511,0.687380688082266,0.423216960306605,0.310095315059417,0.714311942232263,2,FALSE
"53","3_253_6",0,0.290496863546805,0.640119577384405,1.44521501754218,0.108627380857385,0.390648403646787,0.31728945902715,0.866810329965055,0.231020605131345,0.15040488606801,0.429557866569557,0.804365772789186,0.392807136180712,0.50491892833596,0.904051947932056,2,FALSE
"54","3_257_2",0,0.255294709958017,0.643815075141278,1.45502972101751,0.109781626970769,0.521273802836019,0.219092315670989,0.981464565990608,0.320163366201267,0.424607604296998,0.540680854240658,0.587824911368915,0.442454779763614,0.652282447352183,0.806106480106732,2,FALSE
"55","3_265_6",0,0.254674870093085,0.645688037087705,1.45216001136628,0.109737831292831,0.53147078164637,0.218630390690259,1,0.330924747037009,0.411692389688576,0.549079742015458,0.590099428015669,0.467991714764269,0.723638276857753,0.798763519401524,2,FALSE
"56","3_266_5",0,0.292148541621727,0.639646887210408,1.45127214358885,0.108492899367422,0.363751294669297,0.296142856233199,0.849393497827854,0.217002439699015,0.124540477181895,0.434722090786326,0.860856332018073,0.392272485534564,0.454837603129423,0.859154362506199,2,FALSE
"57","3_267_2",0,0.249748167118917,0.648042892784025,1.47488054570437,0.112523986181186,0.570740043269911,0.279224171394112,0.926482375852125,0.362239389979826,0.873415318204287,0.489212471845344,0.727357691746178,0.481169180614954,0.379571505002708,0.693842334365984,2,FALSE
"58","3_268_7",0,0.237002318014741,0.651015283987807,1.52119356407127,0.113089279281245,0.579362427720273,0.234500392375691,0.622302235679369,0.353677349209318,0.564874889450073,0.390987907069314,0.947920802386334,0.593947848223767,0.432759562821772,0.538763070613302,2,FALSE
"59","3_269_6",0,0.218796758508686,0.664081028256476,1.50245415796739,0.115515501270981,0.717993111215811,0.178809330944556,0.7936701854247,0.549851960751768,0.785629191057103,0.502703888038251,0.574466925843521,0.52689454150205,0.467875075356133,0.694383544215267,2,FALSE
"60","3_273_2",0,0.233987990386524,0.651877005125038,1.51813923174362,0.112952656750471,0.600309672668695,0.23232454108867,0.625896500272602,0.369112114277927,0.568758802350941,0.396575858987407,0.944305637065929,0.59442927961355,0.419755341018047,0.543665825442049,2,FALSE
"61","3_273_5",0,0.306191359474514,0.636158906543846,1.4752489489703,0.108905872856138,0.355113969622063,0.403014955204108,0.622153093418926,0.249856821370971,0.303526714044661,0.425522153299817,0.932189828432561,0.367561085003294,0.322180603873089,0.867913695172627,2,FALSE
"62","3_274_3",0,0.254307636525547,0.644770161949154,1.46735871333153,0.109634800927088,0.514311351630488,0.229001444307939,0.8143912518572,0.332028000542962,0.501563000971118,0.542812435942851,0.583362576760912,0.463686752784096,0.63643763540285,0.796692969348764,2,FALSE
"63","3_275_2",0,0.234886591174894,0.651256964417716,1.48566535584608,0.113479332793186,0.651316251222495,0.258614706527679,0.871097655766427,0.358110198343317,0.516739023468147,0.370296215569779,0.890442352252934,0.478285553959818,0.496760847878477,0.738223443307575,2,FALSE
"64","3_275_3",0,0.244766183747126,0.652376245617716,1.47923824909992,0.111891440304543,0.577573899701353,0.21968578198521,0.813221343395147,0.430539650802296,0.77523225742143,0.434659060490205,0.886203621209888,0.47570677943571,0.36598096209531,0.740861688483712,2,FALSE
"65","3_277_7",0,0.281830924067835,0.638129786696927,1.47480247917415,0.108410593072783,0.370041511043588,0.254814802322567,0.810659594982411,0.251983268148521,0.351819211544833,0.404107312280459,1,0.419852647488206,0.365815146538286,0.766810976335034,2,FALSE
"66","3_278_5",0,0.246332680250842,0.650734348365732,1.52575691245353,0.112219866169556,0.502599913162653,0.215420022851266,0.588922658198346,0.364972177338019,0.639214689664114,0.414240422028456,0.860698110092454,0.5927743666453,0.447389396897578,0.59974677592666,2,FALSE
"67","3_281_4",0,0.257066694966475,0.64103581630751,1.4666380948925,0.112148678115766,0.60818555422285,0.371401250666899,0.970013679729633,0.373696773909605,0.912740716746733,0.485011993683664,0.69317829594683,0.60065462602171,0.42406835246357,0.843140311987026,2,FALSE
"68","3_282_2",0,0.300883231546903,0.635660163322739,1.4770885951285,0.108878550863686,0.349237121626956,0.404417620251108,0.614234032655273,0.255857133634371,0.3228685674638,0.425302796665083,0.929511471254259,0.361453841235369,0.287917025721878,0.698177510886395,2,FALSE
"69","3_282_3",0,0.220228538033955,0.65679397281622,1.504055535319,0.115061728483499,0.749110390155623,0.230282775762543,0.679664174594302,0.371937876775291,0.698597498719598,0.521535098667894,0.552685201491144,0.432502086430636,0.814929132474828,0.647555063540574,2,FALSE
"70","3_282_7",0,0.220200522715859,0.65900980479551,1.50156773252783,0.115720884307587,0.717197286088074,0.192641716144039,0.775762785387218,0.424422780152916,0.947881926495478,0.444441952133578,0.447439713063815,0.456221041375251,0.67718644374739,0.755994037653849,2,FALSE
"71","3_283_3",0,0.252466477408819,0.643936295653031,1.48818187320618,0.111644633562114,0.499396476095408,0.19821844941865,0.932656807062498,0.343963054732903,0.581125697101311,0.378635933580864,0.921569350113378,0.53956188538824,0.440880304317503,0.698520518321667,2,FALSE
"72","3_283_6",0,0.285520698910175,0.638578231862769,1.44780790260208,0.107223286071293,0.364551437986119,0.316246000566123,0.813152616516972,0.247110475352433,0.00599389753751729,0.503207505272888,0.641318561115559,0.544080515640481,0.556228582824295,0.685233555076678,5,FALSE
"73","3_283_7",0,0.256298785656744,0.645501014502117,1.49460487046257,0.112158269738301,0.499813649584557,0.198392206247214,0.749925315138691,0.378892860982751,1,0.432814230304696,0.90670141729259,0.435694131575688,0.370168637338773,0.749951748945312,2,FALSE
"74","3_285_5",0,0.219010113104775,0.65378446490619,1.51488945245708,0.114626285869376,0.744912469407534,0.228229241558231,0.656255930612907,0.339668475671706,0.551915160609228,0.485034618419559,0.615720478459047,0.504141705600085,0.490050864839284,0.796128512609451,2,FALSE
"75","3_285_6",0,0.269825928090793,0.6444256581034,1.4670310614561,0.113360765341803,0.533972232851724,0.310259917390046,0.943481148783202,0.397826204619416,0.948215098315315,0.638349381924092,0.539447405752601,0.502565482248144,0.445762872323527,1,2,FALSE
"76","3_286_1",0,0.232617188050829,0.65078450990834,1.51960527279556,0.113060396824849,0.596710304397115,0.233861467919762,0.624691837783044,0.365701630667791,0.57248300742276,0.395684227327904,0.863151357027872,0.58968426702838,0.427674021376938,0.548500954492455,2,FALSE
"77","3_286_5",0,0.224361289894354,0.652438736418776,1.4932930224153,0.114039601209892,0.70776517989161,0.234182093986421,0.677796988445437,0.350250889835667,0.655192192770235,0.484032890464271,0.630823177489333,0.405417029196573,0.793454873233482,0.657160865093282,2,FALSE
"78","4_259_3",0,0.386255726411572,0.631168751395209,1.3331388541971,0.105237446614897,0,0.360722524904749,0.500194308573269,0.254244663706771,0,1,0.164492846084466,0.687395992442234,0.391382329522634,0.529348477698074,5,FALSE
"79","4_281_3",0,0.161461676858331,0.722579055861237,1.40525102182231,0.120482148613098,0.802342698233175,0.0677018046215831,0.17914874399784,0.331766747972836,0.496976623426037,0.317540564469736,0.603246797561556,0.425877047768831,0.240870768146848,0.430166686331281,1,FALSE
"80","4_283_3",0,0.175818376367634,0.705655578039889,1.41011248822294,0.121055045710915,0.725135246637595,0.0540353143866001,0.198619797695852,0.292085542784057,0.42507631631468,0.463481595317793,0.304985655962815,0.413441474119893,0.275114988402203,0.407333642000226,1,FALSE
"81","5_160_4",0,0.163618971189416,0.732827268160525,1.42719498348282,0.123669173802023,0.617795396618445,0.0696843264033505,0.283819547702439,0.284775813539858,0.457708103640189,0.212474373813629,0.21534654631111,0.575592305921173,0.293690416778723,0.34138066169947,1,FALSE
"82","5_180_6",0,0.147284465476463,0.843787950088483,1.41658834537457,0.140795063196274,0.45121230862591,0.0310034928383452,0.0853560959971394,0.196397222610659,0.309868636494596,0.109642837267583,0.145808500940322,0.320391213486124,0.1562917114376,0.155535158456184,4,FALSE
"83","5_199_2",0,0.125585544557169,0.963293775058897,1.4087772559999,0.158684774975547,0.257082157246608,0.0103858653427393,0.00924029349751899,0.0584020389517552,0.161687190788955,0.0325373782231341,0.0335616182341047,0.0978397191650769,0.0599851536858773,0.0530343810724915,3,FALSE
"84","5_205_3",0,0.18207186034635,0.6892760064704,1.61868235170361,0.122278963778462,0.661142695323522,0.0844927818063173,0.315748697291652,0.440365338940123,0.311857931956013,0.350397258928776,0.229776111597988,0.557839088135703,0.412088927602496,0.407486837894123,1,FALSE
"85","5_206_3",0,0.217396282453343,0.659221081874806,1.59648481330951,0.114901001051593,0.516306204071481,0.135771652812766,0.397837304125042,0.309467132932992,0.30493933682761,0.335270707958485,0.292638099238426,0.646281023227987,0.310873193812998,0.522027509219123,1,FALSE
"86","5_206_6",0,0.173999843133334,0.705585314030388,1.62346259560618,0.122173772348391,0.703069943649021,0.108480243357517,0.359806626788363,0.439402952818291,0.400288180465332,0.292021482863895,0.359812719034525,0.559440908284854,0.315020127399274,0.425185956731483,1,FALSE
"87","5_209_5",0,0.190307165838256,0.688601289861674,1.59192966681811,0.121864707524063,0.648830033845797,0.141683884068826,0.35585613182441,0.391288955047091,0.319913282723824,0.343989089661607,0.169049993253294,0.613923534739812,0.42742004485804,0.442240210907682,1,FALSE
"88","5_210_3",0,0.170051870825436,0.709013600928767,1.5703521734886,0.12481600625099,0.757224737623586,0.151613273436469,0.373054813528231,0.434415685152056,0.440613917192096,0.299922242942498,0.25422650294504,0.513943474170617,0.367748397092756,0.404584640261969,1,FALSE
"89","5_210_5",0,0.219930851680875,0.657538545848132,1.57755820154123,0.114846743590502,0.48532150218326,0.121850838160114,0.556755995483098,0.335827868412797,0.334494246066874,0.338574941662183,0.278047366338214,0.631285441786548,0.3993863999494,0.458342710324163,1,FALSE
"90","5_212_4",0,0.216828286268831,0.662664942264531,1.58111988775673,0.115191624789785,0.489899706573848,0.143647862313571,0.391074730854114,0.342555552002795,0.374433279052893,0.327844307314388,0.266505630072716,0.651347675304575,0.306117265758427,0.429197178674723,1,FALSE
"91","5_218_1",0,0.135148422483088,0.862325482552597,1.40055699900916,0.144663837036569,0.466445551052168,0.0278091307976866,0.113368531173646,0.141965414520093,0.275782051947153,0.107751315082896,0.190825192166843,0.244978385518568,0.195115651185642,0.173574322294647,4,FALSE
"92","5_224_5",0,0.249207572833519,0.65030823422312,1.50230681634477,0.113397316200281,0.547714491170899,0.251261306509431,0.577685691047298,0.370796335653286,0.23282858018029,0.457780576911276,0.40894085494611,0.503761718044387,0.390633570783911,0.754333014874256,5,FALSE
"93","5_225_3",0,0.19240011143742,0.684287382467581,1.5900372690282,0.119880951846641,0.572701623406246,0.12696875058251,0.366265396227335,0.387319990398915,0.425643320059303,0.266732645412602,0.205497182881004,0.611853721276654,0.308869077772964,0.373678906804154,1,FALSE
"94","5_226_2",0,0.169363387387517,0.706937209652367,1.65967174145553,0.121444840985632,0.653831847647215,0.0810419342010249,0.310227283444868,0.415013814774469,0.329948917067564,0.250412856709469,0.18504367278959,0.599632770154883,0.364118409811376,0.338795636895394,1,FALSE
"95","5_227_4",0,0.174783944172025,0.700533800831148,1.61465134364349,0.125089261961327,0.664277598583878,0.0593469532381822,0.280849271899523,0.39545796757386,0.383920177306396,0.303286390807096,0.371847754188937,0.576794609042529,0.311314442112239,0.409302532426662,1,FALSE
"96","5_229_4",0,0.260495896284849,0.644998924273385,1.49986805728223,0.109830033315245,0.404782377723443,0.181612435863264,0.676445276342338,0.286986176317516,0.180487287547801,0.377215335342464,0.261238734178895,0.438824867287615,0.386807665697677,0.684697346959276,5,FALSE
"97","5_230_1",0,0.172334078230607,0.709829139314434,1.36588548735944,0.123219933905424,0.666649325876439,0.120984391555282,0.46861273836355,0.284809880506003,0.460430496750043,0.237776472274968,0.314303091419012,0.568157256971033,0.321541199890153,0.392197293456513,1,TRUE
"98","5_230_4",0,0.1692890415613,0.707010621606451,1.66013937752383,0.121451809056149,0.654370601033312,0.0810354548732917,0.310273227145509,0.414776240743203,0.32972191656651,0.250385901272684,0.185213235253616,0.599790773422317,0.364302300563761,0.34307251012315,1,FALSE
"99","5_237_5",0,0.190206152737935,0.682707482519667,1.61403484507661,0.116144232276298,0.660433792299112,0.150799414600059,0.374548626345476,0.420008115717805,0.28277082119293,0.272489851288923,0.359364799453673,0.633457297506608,0.371561544671413,0.468102667066769,1,FALSE
"100","5_239_2",0,0.198722488662375,0.662423039997213,1.56512280014351,0.116251702831799,0.610032154732973,0.124951481824174,0.545004091834959,0.389465882393595,0.483413381651004,0.338036313355282,0.277695220331342,0.615041392122485,0.405458743157617,0.438880435755712,1,FALSE
"101","5_241_2",0,0.185599269569924,0.688676273685182,1.61943328521987,0.118892964090423,0.593740198814679,0.0629797783185104,0.160220362702793,0.388188779954151,0.498148546988817,0.245716243158819,0.393277366701293,0.565056026442597,0.265944409318339,0.360327171055721,1,FALSE
"102","5_241_5",0,0.180981897529414,0.689653297960692,1.5910189893906,0.11900443765914,0.551710041702682,0.0754468972083104,0.361536009624499,0.305071089500868,0.332412908865367,0.221815869237224,0.224096944389962,0.550771444263634,0.351253896206727,0.262725826940192,1,FALSE
"103","5_241_7",0,0.201457318818445,0.671126401516064,1.55112877345025,0.116099958938689,0.586977456370496,0.129024458135112,0.491624810861508,0.41631700811259,0.390351788733067,0.322056489448256,0.288881504181699,0.619412154319953,0.395146558152826,0.443308924226129,1,FALSE
"104","5_243_3",0,0.172514985811006,0.70661372140146,1.6601715424996,0.12143695330378,0.635981851839742,0.0809155435712281,0.30902425617642,0.41271014492858,0.325428481538444,0.249841836954294,0.185503174098351,0.599907361462745,0.364463333061866,0.343105805644125,1,FALSE
"105","5_243_4",0,0.200060038817495,0.664146014342709,1.56938501995221,0.116405944432966,0.602407226367415,0.107510167323892,0.549712146955323,0.436113976325109,0.440777716328062,0.341839179257655,0.280863338806385,0.619221423621123,0.406748971265295,0.438676355624391,1,FALSE
"106","5_243_5",0,0.155135691531969,0.743236475978689,1.58208806460371,0.125618742962607,0.7136330844241,0.0592302519717819,0.139002535696639,0.347151596399406,0.385015919430745,0.168530924095674,0.227993860907623,0.538980804447163,0.427181114244427,0.321793712736288,1,FALSE
"107","5_244_5",0,0.133755152101184,0.867012624168937,1.40943164309012,0.14428148785411,0.462965073710157,0.0277400120195865,0.114597297423055,0.175607236369221,0.246368477213801,0.085876608951591,0.121629840621257,0.295416154766384,0.16915213540218,0.187705275512215,4,FALSE
"108","5_244_6",0,0.170251156523321,0.705984840673543,1.62493343935389,0.121907168552223,0.760031849101612,0.129717492370476,0.38602683966354,0.47337538173919,0.380673312811446,0.263294412631366,0.344861321324966,0.65052178303829,0.346224615579485,0.432874921525917,1,FALSE
"109","5_245_1",0,0.196870862694152,0.667007453363983,1.50317281016548,0.116011012289442,0.718905470393709,0.139207335365943,0.790574605725646,0.486833378451052,0.252843686195164,0.322794629028855,0.372403166200212,0.658229259808341,0.391502816787929,0.524744117587672,1,FALSE
"110","5_245_4",0,0.186412346800356,0.689172172685378,1.63471511370302,0.119005778583059,0.605272340275106,0.0570951036578449,0.102650366927465,0.390377485148691,0.510282528566847,0.247726931768741,0.387848992452962,0.564631172851889,0.278553958226864,0.359568323793862,1,FALSE
"111","5_245_7",0,0.18224968735873,0.689752009491708,1.5919003992292,0.119014958750272,0.544923756132563,0.075443065780393,0.361635800507339,0.304899121813522,0.331680957175341,0.221964590436841,0.223025419635374,0.549206981547955,0.350937747862177,0.262538136691382,1,FALSE
"112","5_248_7",0,0.147117962426209,0.721763416478189,1.40621968498132,0.125356647459413,0.68723150427219,0.0486766599472977,0.380255596732177,0.279985572490518,0.35756108804901,0.190364056911941,0.230676072011999,0.532741403110337,0.286663833695198,0.385610372607447,1,FALSE
"113","5_249_1",0,0.171688549161889,0.708168207290415,1.66187229991496,0.121596978662582,0.74841174835434,0.116892762394293,0.217617636742359,0.456538095516817,0.372315727587284,0.257895124215845,0.340556268805204,0.643755097215026,0.391215550634632,0.416526688448556,1,FALSE
"114","5_249_7",0,0.162427620323167,0.742083285169272,1.49356875617348,0.123767713355303,0.633505342913723,0.0707142294641247,0.322453190195706,0.297083860329824,0.413989732486637,0.187512771702668,0.200660110794477,0.553215072256472,0.382161743806442,0.293329614688701,1,FALSE
"115","5_250_2",0,0.183844967308598,0.688930880715613,1.58888570652184,0.119049617807867,0.547148292750984,0.0755564144740229,0.362058381454237,0.307359103512112,0.332636120972713,0.234049656248223,0.255944817795121,0.545120728784295,0.348090179389289,0.261083973398594,1,FALSE
"116","5_250_4",0,0.195704691775604,0.681724283763422,1.59241401689813,0.116144560635757,0.662610373305183,0.168971539587603,0.454136461175276,0.421867012514102,0.282592587573712,0.273350712234273,0.361630769113656,0.634895332884236,0.32164947349843,0.516125106027278,1,FALSE
"117","5_252_1",0,0.223314999649282,0.654107401722196,1.49387787305546,0.111607893464629,0.551010862469236,0.144533707441448,0.555362560761093,0.425456608145142,0.276846730883067,0.436469082498126,0.370794656598838,0.601314118102157,0.413552491361943,0.552382630171339,1,FALSE
"118","5_253_2",0,0.159967144979899,0.739095402986396,1.48927632403724,0.126598671709625,0.615451781651619,0.0521947492147421,0.243609748594655,0.318406492135719,0.341984905479933,0.165871524748839,0.203039481802727,0.529209468001576,0.285815251158033,0.369276844394156,1,FALSE
"119","5_255_5",0,0.166082383886338,0.711685047508741,1.60695412723075,0.125655671035773,0.701431088516264,0.0695662528638008,0.0863436813425632,0.477195026083095,0.487574691665229,0.200516253054889,0.223473536059517,0.477832350622667,0.278617027646093,0.243446492148056,4,FALSE
"120","5_256_1",0,0.156840594329937,0.838956484216902,1.64593373541507,0.142277028239262,0.559775995496044,0.0526758751054339,0.206173754932969,0.373911202148914,0.283722726616564,0.152402396820767,0.207865128530754,0.283614114431005,0.282317284649307,0.218911932377841,4,FALSE
"121","5_257_7",0,0.174559219861709,0.705187352041366,1.60515911508471,0.122812031835058,0.692943068395134,0.135147238330092,0.435995149968618,0.381802718405201,0.307443871599895,0.243708699274123,0.347164747247087,0.592549993660299,0.34454726439611,0.404313625204297,1,FALSE
"122","5_259_5",0,0.163693640488932,0.729600043785853,1.64857873542932,0.124441374316621,0.790525315998887,0.14180853689581,0.291815546221025,0.530687635555696,0.33288363814813,0.188904787142552,0.29429128551228,0.619604713354798,0.316356579029269,0.368040751304326,1,FALSE
"123","5_260_4",0,0.171143139006733,0.702083014344545,1.65191181940647,0.12139813353809,0.663049049739285,0.0965558123852612,0.311848864629807,0.445950582764221,0.30530441407095,0.250245629544916,0.180447823939128,0.59302578582371,0.361694851770606,0.340827256578293,1,FALSE
"124","5_260_5",0,0.222639876568749,0.653294368187394,1.49469735165003,0.111605223767566,0.552843021246213,0.144468781012522,0.554284240290266,0.420408190922196,0.297191080520734,0.435152401114479,0.3705826512608,0.599557767502014,0.413718919806841,0.552810954443436,1,FALSE
"125","5_261_6",0,0.129944373958633,0.882968062328059,1.41374238330705,0.14760840813408,0.422992730865968,0.0179794164675804,0.0782634248485506,0.144490101005484,0.209411999744214,0.0971297158366907,0.12028999815295,0.208190043940857,0.167467947898876,0.140539332854804,3,FALSE
"126","5_262_5",0,0.161525100890164,0.828567486598829,1.61561198670216,0.142631598315211,0.542222916230427,0.0287793106123163,0.044001603428673,0.331576049918737,0.438289715281961,0.101349773071558,0.226249977728275,0.289060678691521,0.165254034866962,0.145412417353009,4,FALSE
"127","5_263_1",0,0.187185998463093,0.689053798714966,1.58643735807485,0.118963929328143,0.540952364187504,0.0755377388829775,0.361535855982011,0.303985870555195,0.331170505305852,0.232889053995672,0.338464690369019,0.534635421810564,0.341616302339583,0.258051823893414,1,FALSE
"128","5_263_3",0,0.192907273731264,0.683899570757968,1.59166329316823,0.116135340229252,0.675987807992538,0.168882702077194,0.453499748063038,0.408117860558385,0.289445508440463,0.273760381279302,0.361855514293368,0.636261824671135,0.321037440777952,0.516154183575572,1,FALSE
"129","5_266_7",0,0.139716531402553,0.850815103277349,1.47515845267681,0.144206530015369,0.474762759862664,0.027906478643453,0.0982287807949473,0.223910802534563,0.271102436057333,0.0887514528191669,0.14030728111183,0.31409241167729,0.156850335617867,0.138860065906367,4,FALSE
"130","5_268_1",0,0.133571942672726,0.920647729681685,1.47902080824573,0.154574084956231,0.34488094424108,0.0165856911060937,0.0307048882547783,0.118995945909887,0.161882219906197,0.0682295355732058,0.0917597861256796,0.168070236377423,0.121332701649553,0.0817806019788745,3,FALSE
"131","5_272_6",0,0.16685488955184,0.711587200875679,1.60548093022888,0.125641472910838,0.696218525175144,0.0695746856503379,0.0866906644501399,0.482402336011293,0.479897416136231,0.200866303695186,0.220036331950818,0.476882535638615,0.277887536529383,0.24297215087046,4,FALSE
"132","5_273_1",0,0.122494452583752,0.96772933798881,1.41571323280699,0.159861688283147,0.27049391466332,0.0055758945496081,0.0206472776457653,0.0666101638075503,0.141587804696975,0.0470420147798574,0.040917007597386,0.116972773967672,0.0546597056580524,0.0509323456357933,3,FALSE
"133","5_275_4",0,0.115302133724362,0.969756769083109,1.40237322737429,0.160113339516925,0.258950520449663,0.00657036710382306,0.0582165105437667,0.042380096049814,0.132162310072382,0.03293106860633,0.0312389560911927,0.105276118824237,0.0438265460183735,0.0430543761408332,3,TRUE
"134","5_276_1",0,0.133612590387666,0.869186066596639,1.61243521287003,0.149447409564155,0.39420437385794,0.0177927349784464,0.0739294869767225,0.181125423002478,0.224690538043747,0.0669045110060994,0.0942676228854895,0.176889536631542,0.138321162285877,0.107319419637066,3,FALSE
"135","5_276_2",0,0.133112885696399,0.848045949099049,1.39609541176,0.141813941946566,0.543717992686141,0.0324070521106039,0.199663581706375,0.22556964888607,0.286266194514287,0.104326610085631,0.187738291512559,0.332482980464,0.168273371995316,0.152046534413025,4,FALSE
"136","5_277_6",0,0.222514404877318,0.653198311093858,1.50300371638232,0.111743618904089,0.547802418787656,0.118843451844921,0.557893935680739,0.430070905052695,0.270607499716769,0.437155239743038,0.375515340873834,0.597062429246621,0.418236530155231,0.554943644488497,1,FALSE
"137","5_278_6",0,0.150338324989397,0.843174990797588,1.68560941419215,0.146592409011082,0.515678593811444,0.0211986845053391,0.0863449432204288,0.314253706194335,0.238879956979122,0.142432037256985,0.138770111243268,0.294782187972905,0.187994187167378,0.133272313755958,4,FALSE
"138","5_279_5",0,0.196588368068448,0.670910050204627,1.56913060258521,0.118891266126888,0.651358366702887,0.10155605971405,0.529069635010374,0.404088616921156,0.608337851003851,0.360422781538211,0.471788448722815,0.627391168695063,0.33457102224695,0.468540350176449,1,FALSE
"139","5_279_6",0,0.111048310961966,1.02299202030066,1.41088283786931,0.166980378939427,0.151091793128502,0,0,0,0.075918816801913,0,0,0,0,0,3,FALSE
"140","5_280_4",0,0.134028721371644,0.849036883414763,1.39598909990599,0.141918029576569,0.545587722792155,0.032452784206799,0.199979942790791,0.226512357787634,0.286903119297092,0.10603661764676,0.173388141415604,0.359645327688962,0.169248681319254,0.152620151183811,4,FALSE
"141","5_281_5",0,0.123851903980774,0.967987347751678,1.41515313098391,0.159814979657582,0.270266539449102,0.00556797376321607,0.0205717763123519,0.0687306689973703,0.149137515472532,0.0469922995535422,0.0408466684118928,0.11686226505266,0.0546028486197353,0.0508838640590657,3,FALSE
"142","5_283_1",0,0.155643587013012,0.844520436074895,1.70228152709087,0.146231174464494,0.515727103641318,0.0205784279517756,0.00883183203238906,0.31068450357198,0.237503820292925,0.141430095175386,0.137816408068529,0.292392526027098,0.185989484030267,0.132387761008482,4,FALSE
"143","5_283_2",0,0.192768143148489,0.684179591327824,1.47850187331762,0.117646600703166,0.722287482309303,0.116477754888866,0.714645554039961,0.42760787329766,0.592435304059793,0.363247994852588,0.431675797407723,0.617272634813587,0.400361315984746,0.517982615894358,2,TRUE
"144","5_284_1",0,0.124411733791001,0.979540623324875,1.41011830796427,0.161072682160564,0.257976595226801,0.00666123151521,0.0627377298843036,0.0618176508099519,0.135867370749134,0.0332851302030935,0.0319234874965589,0.117792023394726,0.0567631751408547,0.0447051470821714,3,FALSE
"145","5_284_6",0,0.133691535128714,0.844732581134916,1.39475177159465,0.141652618470571,0.539835374894778,0.0322785794301064,0.199879914723132,0.226402530860953,0.286527820050034,0.104686396514112,0.186337453826601,0.328553521034791,0.166403397478671,0.15094956565896,4,TRUE
"146","5_285_5",0,0.178659378697379,0.688775705476264,1.60757561561704,0.122020660891958,0.61132617452935,0.0636768396038116,0.147182803230711,0.444607371146279,0.423950605090541,0.237231188192465,0.251600587523739,0.492158834447701,0.319459872380372,0.249805567562776,4,FALSE
"147","5_286_3",0,0.245384442737269,0.651684393429203,1.42140739649544,0.111226378734088,0.523822255343844,0.174772990738805,0.962439399597039,0.45420173959913,0.317409176826114,0.466591047801955,0.486395580812608,0.545461669398676,0.435236134702586,0.477081946525182,2,FALSE
